dbpedia,wikipedia
http://dbpedia.org/resource/Samuel_Merrill_(Iowa),http://en.wikipedia.org/wiki/Samuel_Merrill_(Iowa)
http://dbpedia.org/resource/James_Pond_(Medal_of_Honor),http://en.wikipedia.org/wiki/James_Pond_(Medal_of_Honor)
http://dbpedia.org/resource/Silas_Stringham,http://en.wikipedia.org/wiki/Silas_Stringham
http://dbpedia.org/resource/Thomas_L._Rosser,http://en.wikipedia.org/wiki/Thomas_L._Rosser
http://dbpedia.org/resource/Robert_C._Schenck,http://en.wikipedia.org/wiki/Robert_C._Schenck
http://dbpedia.org/resource/Randall_L._Gibson,http://en.wikipedia.org/wiki/Randall_L._Gibson
http://dbpedia.org/resource/J.E.B._Stuart,http://en.wikipedia.org/wiki/J.E.B._Stuart
http://dbpedia.org/resource/Wesley_Merritt,http://en.wikipedia.org/wiki/Wesley_Merritt
http://dbpedia.org/resource/Jeremiah_C._Sullivan,http://en.wikipedia.org/wiki/Jeremiah_C._Sullivan
http://dbpedia.org/resource/Ebenezer_Dumont,http://en.wikipedia.org/wiki/Ebenezer_Dumont
http://dbpedia.org/resource/William_B._Renshaw,http://en.wikipedia.org/wiki/William_B._Renshaw
http://dbpedia.org/resource/Henry_Eustace_McCulloch,http://en.wikipedia.org/wiki/Henry_Eustace_McCulloch
http://dbpedia.org/resource/Garrett_J._Pendergrast,http://en.wikipedia.org/wiki/Garrett_J._Pendergrast
http://dbpedia.org/resource/Cuvier_Grover,http://en.wikipedia.org/wiki/Cuvier_Grover
http://dbpedia.org/resource/John_McArthur,http://en.wikipedia.org/wiki/John_McArthur
http://dbpedia.org/resource/Nathaniel_P._Banks,http://en.wikipedia.org/wiki/Nathaniel_P._Banks
http://dbpedia.org/resource/Philip_Sheridan,http://en.wikipedia.org/wiki/Philip_Sheridan
http://dbpedia.org/resource/John_Newton_(engineer),http://en.wikipedia.org/wiki/John_Newton_(engineer)
http://dbpedia.org/resource/Julius_White,http://en.wikipedia.org/wiki/Julius_White
http://dbpedia.org/resource/William_E._Jones,http://en.wikipedia.org/wiki/William_E._Jones
http://dbpedia.org/resource/William_N._Pendleton,http://en.wikipedia.org/wiki/William_N._Pendleton
http://dbpedia.org/resource/Gustavus_Woodson_Smith,http://en.wikipedia.org/wiki/Gustavus_Woodson_Smith
http://dbpedia.org/resource/Cyrus_L._Dunham,http://en.wikipedia.org/wiki/Cyrus_L._Dunham
http://dbpedia.org/resource/Napoleon_J.T._Dana,http://en.wikipedia.org/wiki/Napoleon_J.T._Dana
http://dbpedia.org/resource/Ulysses_S._Grant,http://en.wikipedia.org/wiki/Ulysses_S._Grant
http://dbpedia.org/resource/Alfred_H._Colquitt,http://en.wikipedia.org/wiki/Alfred_H._Colquitt
http://dbpedia.org/resource/Charles_Henry_Davis,http://en.wikipedia.org/wiki/Charles_Henry_Davis
http://dbpedia.org/resource/Innis_N._Palmer,http://en.wikipedia.org/wiki/Innis_N._Palmer
http://dbpedia.org/resource/Robert_E._Lee,http://en.wikipedia.org/wiki/Robert_E._Lee
http://dbpedia.org/resource/Santos_Benavides,http://en.wikipedia.org/wiki/Santos_Benavides
http://dbpedia.org/resource/Mansfield_Lovell,http://en.wikipedia.org/wiki/Mansfield_Lovell
http://dbpedia.org/resource/Alfred_Marmaduke_Hobby,http://en.wikipedia.org/wiki/Alfred_Marmaduke_Hobby
http://dbpedia.org/resource/Henry_M._Judah,http://en.wikipedia.org/wiki/Henry_M._Judah
http://dbpedia.org/resource/James_Shirk,http://en.wikipedia.org/wiki/James_Shirk
http://dbpedia.org/resource/William_Miller_(Confederate_Army_officer),http://en.wikipedia.org/wiki/William_Miller_(Confederate_Army_officer)
http://dbpedia.org/resource/Stephen_D._Lee,http://en.wikipedia.org/wiki/Stephen_D._Lee
http://dbpedia.org/resource/Benjamin_Butler_(politician),http://en.wikipedia.org/wiki/Benjamin_Butler_(politician)
http://dbpedia.org/resource/Benjamin_Franklin_Kelley,http://en.wikipedia.org/wiki/Benjamin_Franklin_Kelley
http://dbpedia.org/resource/Powell_Clayton,http://en.wikipedia.org/wiki/Powell_Clayton
http://dbpedia.org/resource/Stonewall_Jackson,http://en.wikipedia.org/wiki/Stonewall_Jackson
http://dbpedia.org/resource/George_Crook,http://en.wikipedia.org/wiki/George_Crook
http://dbpedia.org/resource/Alexander_McDowell_McCook,http://en.wikipedia.org/wiki/Alexander_McDowell_McCook
http://dbpedia.org/resource/James_H._Ward,http://en.wikipedia.org/wiki/James_H._Ward
http://dbpedia.org/resource/David_Dixon_Porter,http://en.wikipedia.org/wiki/David_Dixon_Porter
http://dbpedia.org/resource/Albert_Rust,http://en.wikipedia.org/wiki/Albert_Rust
http://dbpedia.org/resource/William_H._French,http://en.wikipedia.org/wiki/William_H._French
http://dbpedia.org/resource/John_Dunovant,http://en.wikipedia.org/wiki/John_Dunovant
http://dbpedia.org/resource/Darius_N._Couch,http://en.wikipedia.org/wiki/Darius_N._Couch
http://dbpedia.org/resource/Thomas_Devin,http://en.wikipedia.org/wiki/Thomas_Devin
http://dbpedia.org/resource/Robert_S._Garnett,http://en.wikipedia.org/wiki/Robert_S._Garnett
http://dbpedia.org/resource/Leonidas_Polk,http://en.wikipedia.org/wiki/Leonidas_Polk
http://dbpedia.org/resource/Napoleon_Collins,http://en.wikipedia.org/wiki/Napoleon_Collins
http://dbpedia.org/resource/John_Ancrum_Winslow,http://en.wikipedia.org/wiki/John_Ancrum_Winslow
http://dbpedia.org/resource/Felix_Zollicoffer,http://en.wikipedia.org/wiki/Felix_Zollicoffer
http://dbpedia.org/resource/Henry_Halleck,http://en.wikipedia.org/wiki/Henry_Halleck
http://dbpedia.org/resource/William_Farrar_Smith,http://en.wikipedia.org/wiki/William_Farrar_Smith
http://dbpedia.org/resource/John_McNeil,http://en.wikipedia.org/wiki/John_McNeil
http://dbpedia.org/resource/Samuel_P._Heintzelman,http://en.wikipedia.org/wiki/Samuel_P._Heintzelman
http://dbpedia.org/resource/David_Farragut,http://en.wikipedia.org/wiki/David_Farragut
http://dbpedia.org/resource/Bethel_Coopwood,http://en.wikipedia.org/wiki/Bethel_Coopwood
http://dbpedia.org/resource/Jerome_B._Robertson,http://en.wikipedia.org/wiki/Jerome_B._Robertson
http://dbpedia.org/resource/Charles_Wilkes,http://en.wikipedia.org/wiki/Charles_Wilkes
http://dbpedia.org/resource/Roger_Atkinson_Pryor,http://en.wikipedia.org/wiki/Roger_Atkinson_Pryor
http://dbpedia.org/resource/John_Chivington,http://en.wikipedia.org/wiki/John_Chivington
http://dbpedia.org/resource/John_G._Foster,http://en.wikipedia.org/wiki/John_G._Foster
http://dbpedia.org/resource/Joseph_O._Shelby,http://en.wikipedia.org/wiki/Joseph_O._Shelby
http://dbpedia.org/resource/Charles_W._Flusser,http://en.wikipedia.org/wiki/Charles_W._Flusser
http://dbpedia.org/resource/Richard_Lucian_Page,http://en.wikipedia.org/wiki/Richard_Lucian_Page
http://dbpedia.org/resource/Daniel_Ruggles,http://en.wikipedia.org/wiki/Daniel_Ruggles
http://dbpedia.org/resource/John_Quincy_Marr,http://en.wikipedia.org/wiki/John_Quincy_Marr
http://dbpedia.org/resource/Earl_Van_Dorn,http://en.wikipedia.org/wiki/Earl_Van_Dorn
http://dbpedia.org/resource/Nicholas_Bartlett_Pearce,http://en.wikipedia.org/wiki/Nicholas_Bartlett_Pearce
http://dbpedia.org/resource/Lafayette_McLaws,http://en.wikipedia.org/wiki/Lafayette_McLaws
http://dbpedia.org/resource/George_Henry_Preble,http://en.wikipedia.org/wiki/George_Henry_Preble
http://dbpedia.org/resource/James_M._McIntosh,http://en.wikipedia.org/wiki/James_M._McIntosh
http://dbpedia.org/resource/John_Stuart_Williams,http://en.wikipedia.org/wiki/John_Stuart_Williams
http://dbpedia.org/resource/Colton_Greene,http://en.wikipedia.org/wiki/Colton_Greene
http://dbpedia.org/resource/John_W._Foster,http://en.wikipedia.org/wiki/John_W._Foster
http://dbpedia.org/resource/Emory_S._Foster,http://en.wikipedia.org/wiki/Emory_S._Foster
http://dbpedia.org/resource/Samuel_D._Sturgis,http://en.wikipedia.org/wiki/Samuel_D._Sturgis
http://dbpedia.org/resource/Hugh_Thompson_Reid,http://en.wikipedia.org/wiki/Hugh_Thompson_Reid
http://dbpedia.org/resource/Samuel_C._Means,http://en.wikipedia.org/wiki/Samuel_C._Means
http://dbpedia.org/resource/George_Henry_Gordon,http://en.wikipedia.org/wiki/George_Henry_Gordon
http://dbpedia.org/resource/Joseph_J._Reynolds,http://en.wikipedia.org/wiki/Joseph_J._Reynolds
http://dbpedia.org/resource/William_W._Averell,http://en.wikipedia.org/wiki/William_W._Averell
http://dbpedia.org/resource/James_Barrett_(Civil_War),http://en.wikipedia.org/wiki/James_Barrett_(Civil_War)
http://dbpedia.org/resource/Martin_E._Green,http://en.wikipedia.org/wiki/Martin_E._Green
http://dbpedia.org/resource/William_%22Bull%22_Nelson,http://en.wikipedia.org/wiki/William_%22Bull%22_Nelson
http://dbpedia.org/resource/John_T._Hughes,http://en.wikipedia.org/wiki/John_T._Hughes
http://dbpedia.org/resource/Frederick_Steele,http://en.wikipedia.org/wiki/Frederick_Steele
http://dbpedia.org/resource/Ulric_Dahlgren,http://en.wikipedia.org/wiki/Ulric_Dahlgren
http://dbpedia.org/resource/Gouverneur_K._Warren,http://en.wikipedia.org/wiki/Gouverneur_K._Warren
http://dbpedia.org/resource/Roswell_S._Ripley,http://en.wikipedia.org/wiki/Roswell_S._Ripley
http://dbpedia.org/resource/Michael_Corcoran,http://en.wikipedia.org/wiki/Michael_Corcoran
http://dbpedia.org/resource/M._Jeff_Thompson,http://en.wikipedia.org/wiki/M._Jeff_Thompson
http://dbpedia.org/resource/Edward_H._Hobson,http://en.wikipedia.org/wiki/Edward_H._Hobson
http://dbpedia.org/resource/Erastus_B._Tyler,http://en.wikipedia.org/wiki/Erastus_B._Tyler
http://dbpedia.org/resource/William_Plummer_Benton,http://en.wikipedia.org/wiki/William_Plummer_Benton
http://dbpedia.org/resource/Thomas_Drayton,http://en.wikipedia.org/wiki/Thomas_Drayton
http://dbpedia.org/resource/John_McCausland,http://en.wikipedia.org/wiki/John_McCausland
http://dbpedia.org/resource/George_Henry_Thomas,http://en.wikipedia.org/wiki/George_Henry_Thomas
http://dbpedia.org/resource/John_W._Geary,http://en.wikipedia.org/wiki/John_W._Geary
http://dbpedia.org/resource/David_Rice_Atchison,http://en.wikipedia.org/wiki/David_Rice_Atchison
http://dbpedia.org/resource/John_B._Magruder,http://en.wikipedia.org/wiki/John_B._Magruder
http://dbpedia.org/resource/Peyton_H._Colquitt,http://en.wikipedia.org/wiki/Peyton_H._Colquitt
http://dbpedia.org/resource/Samuel_Read_Anderson,http://en.wikipedia.org/wiki/Samuel_Read_Anderson
http://dbpedia.org/resource/John_A._Logan,http://en.wikipedia.org/wiki/John_A._Logan
http://dbpedia.org/resource/James_K._Marshall,http://en.wikipedia.org/wiki/James_K._Marshall
http://dbpedia.org/resource/Edward_Canby,http://en.wikipedia.org/wiki/Edward_Canby
http://dbpedia.org/resource/Stephen_Dodson_Ramseur,http://en.wikipedia.org/wiki/Stephen_Dodson_Ramseur
http://dbpedia.org/resource/Homer_C._Blake,http://en.wikipedia.org/wiki/Homer_C._Blake
http://dbpedia.org/resource/Gideon_Johnson_Pillow,http://en.wikipedia.org/wiki/Gideon_Johnson_Pillow
http://dbpedia.org/resource/Hermann_Lieb,http://en.wikipedia.org/wiki/Hermann_Lieb
http://dbpedia.org/resource/Caleb_Dorsey,http://en.wikipedia.org/wiki/Caleb_Dorsey
http://dbpedia.org/resource/John_Milton_Thayer,http://en.wikipedia.org/wiki/John_Milton_Thayer
http://dbpedia.org/resource/Thomas_Lanier_Clingman,http://en.wikipedia.org/wiki/Thomas_Lanier_Clingman
http://dbpedia.org/resource/Robert_Toombs,http://en.wikipedia.org/wiki/Robert_Toombs
http://dbpedia.org/resource/Robert_H._Wyman,http://en.wikipedia.org/wiki/Robert_H._Wyman
http://dbpedia.org/resource/Kenner_Garrard,http://en.wikipedia.org/wiki/Kenner_Garrard
http://dbpedia.org/resource/Turner_Ashby,http://en.wikipedia.org/wiki/Turner_Ashby
http://dbpedia.org/resource/St._John_Richardson_Liddell,http://en.wikipedia.org/wiki/St._John_Richardson_Liddell
http://dbpedia.org/resource/Ambrose_R._Wright,http://en.wikipedia.org/wiki/Ambrose_R._Wright
http://dbpedia.org/resource/Franklin_Buchanan,http://en.wikipedia.org/wiki/Franklin_Buchanan
http://dbpedia.org/resource/Theophilus_H._Holmes,http://en.wikipedia.org/wiki/Theophilus_H._Holmes
http://dbpedia.org/resource/Alexander_Rhind,http://en.wikipedia.org/wiki/Alexander_Rhind
http://dbpedia.org/resource/Robert_S._Granger,http://en.wikipedia.org/wiki/Robert_S._Granger
http://dbpedia.org/resource/William_T._Martin,http://en.wikipedia.org/wiki/William_T._Martin
http://dbpedia.org/resource/Alexander_P._Stewart,http://en.wikipedia.org/wiki/Alexander_P._Stewart
http://dbpedia.org/resource/John_William_Pearson,http://en.wikipedia.org/wiki/John_William_Pearson
http://dbpedia.org/resource/Andrew_L._Harris,http://en.wikipedia.org/wiki/Andrew_L._Harris
http://dbpedia.org/resource/John_D._Imboden,http://en.wikipedia.org/wiki/John_D._Imboden
http://dbpedia.org/resource/William_B._Franklin,http://en.wikipedia.org/wiki/William_B._Franklin
http://dbpedia.org/resource/Josiah_Tattnall,http://en.wikipedia.org/wiki/Josiah_Tattnall
http://dbpedia.org/resource/William_F._Lynch,http://en.wikipedia.org/wiki/William_F._Lynch
http://dbpedia.org/resource/Nelson_A._Miles,http://en.wikipedia.org/wiki/Nelson_A._Miles
http://dbpedia.org/resource/Alfred_Mouton,http://en.wikipedia.org/wiki/Alfred_Mouton
http://dbpedia.org/resource/Bennett_H._Young,http://en.wikipedia.org/wiki/Bennett_H._Young
http://dbpedia.org/resource/William_Sooy_Smith,http://en.wikipedia.org/wiki/William_Sooy_Smith
http://dbpedia.org/resource/Joseph_G._Sanders,http://en.wikipedia.org/wiki/Joseph_G._Sanders
http://dbpedia.org/resource/James_B._McPherson,http://en.wikipedia.org/wiki/James_B._McPherson
http://dbpedia.org/resource/James_B._Steedman,http://en.wikipedia.org/wiki/James_B._Steedman
http://dbpedia.org/resource/Albert_Sidney_Johnston,http://en.wikipedia.org/wiki/Albert_Sidney_Johnston
http://dbpedia.org/resource/Charles_Pomeroy_Stone,http://en.wikipedia.org/wiki/Charles_Pomeroy_Stone
http://dbpedia.org/resource/Evander_M._Law,http://en.wikipedia.org/wiki/Evander_M._Law
http://dbpedia.org/resource/John_Echols,http://en.wikipedia.org/wiki/John_Echols
http://dbpedia.org/resource/William_Henry_Fitzhugh_Lee,http://en.wikipedia.org/wiki/William_Henry_Fitzhugh_Lee
http://dbpedia.org/resource/Samuel_P._Spear,http://en.wikipedia.org/wiki/Samuel_P._Spear
http://dbpedia.org/resource/James_Ronald_Chalmers,http://en.wikipedia.org/wiki/James_Ronald_Chalmers
http://dbpedia.org/resource/Richard_H._Anderson,http://en.wikipedia.org/wiki/Richard_H._Anderson
http://dbpedia.org/resource/Alfred_Sully,http://en.wikipedia.org/wiki/Alfred_Sully
http://dbpedia.org/resource/Stephen_Clegg_Rowan,http://en.wikipedia.org/wiki/Stephen_Clegg_Rowan
http://dbpedia.org/resource/George_Crockett_Strong,http://en.wikipedia.org/wiki/George_Crockett_Strong
http://dbpedia.org/resource/William_F._Cloud,http://en.wikipedia.org/wiki/William_F._Cloud
http://dbpedia.org/resource/James_B._Ricketts,http://en.wikipedia.org/wiki/James_B._Ricketts
http://dbpedia.org/resource/Thomas_James_Churchill,http://en.wikipedia.org/wiki/Thomas_James_Churchill
http://dbpedia.org/resource/Cadwallader_C._Washburn,http://en.wikipedia.org/wiki/Cadwallader_C._Washburn
http://dbpedia.org/resource/William_J._Hardee,http://en.wikipedia.org/wiki/William_J._Hardee
http://dbpedia.org/resource/Quincy_Adams_Gillmore,http://en.wikipedia.org/wiki/Quincy_Adams_Gillmore
"http://dbpedia.org/resource/Francis_Preston_Blair,_Jr.","http://en.wikipedia.org/wiki/Francis_Preston_Blair,_Jr."
http://dbpedia.org/resource/John_Gregg_(CSA),http://en.wikipedia.org/wiki/John_Gregg_(CSA)
http://dbpedia.org/resource/Henry_A._Wise,http://en.wikipedia.org/wiki/Henry_A._Wise
http://dbpedia.org/resource/James_H._Whitlock,http://en.wikipedia.org/wiki/James_H._Whitlock
http://dbpedia.org/resource/Dixon_S._Miles,http://en.wikipedia.org/wiki/Dixon_S._Miles
http://dbpedia.org/resource/Andrew_A._Humphreys,http://en.wikipedia.org/wiki/Andrew_A._Humphreys
http://dbpedia.org/resource/John_Pope_(military_officer),http://en.wikipedia.org/wiki/John_Pope_(military_officer)
http://dbpedia.org/resource/Inkpaduta,http://en.wikipedia.org/wiki/Inkpaduta
http://dbpedia.org/resource/Augustus_Kilty,http://en.wikipedia.org/wiki/Augustus_Kilty
http://dbpedia.org/resource/Jefferson_Davis,http://en.wikipedia.org/wiki/Jefferson_Davis
http://dbpedia.org/resource/Chief_Shakopee,http://en.wikipedia.org/wiki/Chief_Shakopee
http://dbpedia.org/resource/Thomas_W._Sherman,http://en.wikipedia.org/wiki/Thomas_W._Sherman
http://dbpedia.org/resource/Charles_W._Pickering_(United_States_Navy_officer),http://en.wikipedia.org/wiki/Charles_W._Pickering_(United_States_Navy_officer)
http://dbpedia.org/resource/James_M._Shackelford,http://en.wikipedia.org/wiki/James_M._Shackelford
http://dbpedia.org/resource/David_B._Birney,http://en.wikipedia.org/wiki/David_B._Birney
http://dbpedia.org/resource/William_W._Mackall,http://en.wikipedia.org/wiki/William_W._Mackall
http://dbpedia.org/resource/Alexander_Schimmelfennig,http://en.wikipedia.org/wiki/Alexander_Schimmelfennig
http://dbpedia.org/resource/Andrew_Jackson_Smith,http://en.wikipedia.org/wiki/Andrew_Jackson_Smith
http://dbpedia.org/resource/Thomas_T._Munford,http://en.wikipedia.org/wiki/Thomas_T._Munford
http://dbpedia.org/resource/William_Read_Scurry,http://en.wikipedia.org/wiki/William_Read_Scurry
http://dbpedia.org/resource/Micah_Jenkins,http://en.wikipedia.org/wiki/Micah_Jenkins
http://dbpedia.org/resource/Robert_Gould_Shaw,http://en.wikipedia.org/wiki/Robert_Gould_Shaw
http://dbpedia.org/resource/Robert_Hoke,http://en.wikipedia.org/wiki/Robert_Hoke
http://dbpedia.org/resource/Abner_C._Harding,http://en.wikipedia.org/wiki/Abner_C._Harding
http://dbpedia.org/resource/Richard_Montgomery_Gano,http://en.wikipedia.org/wiki/Richard_Montgomery_Gano
http://dbpedia.org/resource/Stand_Watie,http://en.wikipedia.org/wiki/Stand_Watie
http://dbpedia.org/resource/Frank_Crawford_Armstrong,http://en.wikipedia.org/wiki/Frank_Crawford_Armstrong
http://dbpedia.org/resource/John_Coburn_(politician),http://en.wikipedia.org/wiki/John_Coburn_(politician)
http://dbpedia.org/resource/John_Jackson_Dickison,http://en.wikipedia.org/wiki/John_Jackson_Dickison
http://dbpedia.org/resource/Edwin_Vose_Sumner,http://en.wikipedia.org/wiki/Edwin_Vose_Sumner
http://dbpedia.org/resource/Robert_Anderson_(Civil_War),http://en.wikipedia.org/wiki/Robert_Anderson_(Civil_War)
http://dbpedia.org/resource/Joseph_B._Plummer,http://en.wikipedia.org/wiki/Joseph_B._Plummer
http://dbpedia.org/resource/James_Longstreet,http://en.wikipedia.org/wiki/James_Longstreet
http://dbpedia.org/resource/Jacob_Dolson_Cox,http://en.wikipedia.org/wiki/Jacob_Dolson_Cox
http://dbpedia.org/resource/David_McMurtrie_Gregg,http://en.wikipedia.org/wiki/David_McMurtrie_Gregg
http://dbpedia.org/resource/Alfred_Terry,http://en.wikipedia.org/wiki/Alfred_Terry
http://dbpedia.org/resource/Jack_Swilling,http://en.wikipedia.org/wiki/Jack_Swilling
http://dbpedia.org/resource/John_Marston_(sailor),http://en.wikipedia.org/wiki/John_Marston_(sailor)
http://dbpedia.org/resource/Benjamin_Prentiss,http://en.wikipedia.org/wiki/Benjamin_Prentiss
http://dbpedia.org/resource/Marcus_Reno,http://en.wikipedia.org/wiki/Marcus_Reno
http://dbpedia.org/resource/Henry_Warner_Slocum,http://en.wikipedia.org/wiki/Henry_Warner_Slocum
http://dbpedia.org/resource/Hugh_Judson_Kilpatrick,http://en.wikipedia.org/wiki/Hugh_Judson_Kilpatrick
http://dbpedia.org/resource/Beverly_Robertson,http://en.wikipedia.org/wiki/Beverly_Robertson
http://dbpedia.org/resource/James_Henry_Lane_(Union_general),http://en.wikipedia.org/wiki/James_Henry_Lane_(Union_general)
http://dbpedia.org/resource/John_C._Fr%C3%A9mont,http://en.wikipedia.org/wiki/John_C._Frémont
http://dbpedia.org/resource/William_T._Wofford,http://en.wikipedia.org/wiki/William_T._Wofford
http://dbpedia.org/resource/Samuel_Gibbs_French,http://en.wikipedia.org/wiki/Samuel_Gibbs_French
http://dbpedia.org/resource/John_S._Mosby,http://en.wikipedia.org/wiki/John_S._Mosby
http://dbpedia.org/resource/John_C._Caldwell,http://en.wikipedia.org/wiki/John_C._Caldwell
http://dbpedia.org/resource/Douglas_H._Cooper,http://en.wikipedia.org/wiki/Douglas_H._Cooper
http://dbpedia.org/resource/Sterling_Price,http://en.wikipedia.org/wiki/Sterling_Price
http://dbpedia.org/resource/William_Vandever,http://en.wikipedia.org/wiki/William_Vandever
http://dbpedia.org/resource/Robert_V._Richardson,http://en.wikipedia.org/wiki/Robert_V._Richardson
http://dbpedia.org/resource/William_Rosecrans,http://en.wikipedia.org/wiki/William_Rosecrans
http://dbpedia.org/resource/John_S._Marmaduke,http://en.wikipedia.org/wiki/John_S._Marmaduke
http://dbpedia.org/resource/Isaac_Stevens,http://en.wikipedia.org/wiki/Isaac_Stevens
http://dbpedia.org/resource/Burford_R._Wiley,http://en.wikipedia.org/wiki/Burford_R._Wiley
http://dbpedia.org/resource/Odon_Guitar,http://en.wikipedia.org/wiki/Odon_Guitar
http://dbpedia.org/resource/David_Moore_(Military),http://en.wikipedia.org/wiki/David_Moore_(Military)
http://dbpedia.org/resource/Jeremiah_V._Cockrell,http://en.wikipedia.org/wiki/Jeremiah_V._Cockrell
http://dbpedia.org/resource/Howell_Cobb,http://en.wikipedia.org/wiki/Howell_Cobb
http://dbpedia.org/resource/Charles_Henry_Tompkins,http://en.wikipedia.org/wiki/Charles_Henry_Tompkins
http://dbpedia.org/resource/Edward_Ord,http://en.wikipedia.org/wiki/Edward_Ord
http://dbpedia.org/resource/William_Smith_(Virginia_governor),http://en.wikipedia.org/wiki/William_Smith_(Virginia_governor)
http://dbpedia.org/resource/Lawrence_O'Bryan_Branch,http://en.wikipedia.org/wiki/Lawrence_O'Bryan_Branch
http://dbpedia.org/resource/Henry_Washington_Benham,http://en.wikipedia.org/wiki/Henry_Washington_Benham
http://dbpedia.org/resource/Joseph_E._Johnston,http://en.wikipedia.org/wiki/Joseph_E._Johnston
http://dbpedia.org/resource/James_W._Cooke,http://en.wikipedia.org/wiki/James_W._Cooke
http://dbpedia.org/resource/William_Lamb_(Confederate_States_Army_officer),http://en.wikipedia.org/wiki/William_Lamb_(Confederate_States_Army_officer)
http://dbpedia.org/resource/Abraham_Lincoln,http://en.wikipedia.org/wiki/Abraham_Lincoln
http://dbpedia.org/resource/Samuel_Ryan_Curtis,http://en.wikipedia.org/wiki/Samuel_Ryan_Curtis
http://dbpedia.org/resource/Bushrod_Johnson,http://en.wikipedia.org/wiki/Bushrod_Johnson
http://dbpedia.org/resource/Daniel_L._Braine,http://en.wikipedia.org/wiki/Daniel_L._Braine
http://dbpedia.org/resource/Joseph_Thoburn,http://en.wikipedia.org/wiki/Joseph_Thoburn
http://dbpedia.org/resource/Winfield_S._Featherston,http://en.wikipedia.org/wiki/Winfield_S._Featherston
http://dbpedia.org/resource/Henry_Marchmore_Shaw,http://en.wikipedia.org/wiki/Henry_Marchmore_Shaw
http://dbpedia.org/resource/Fitz_John_Porter,http://en.wikipedia.org/wiki/Fitz_John_Porter
http://dbpedia.org/resource/George_Stoneman,http://en.wikipedia.org/wiki/George_Stoneman
http://dbpedia.org/resource/John_P._McCown,http://en.wikipedia.org/wiki/John_P._McCown
http://dbpedia.org/resource/Henry_Holmes_(Confederate_soldier),http://en.wikipedia.org/wiki/Henry_Holmes_(Confederate_soldier)
http://dbpedia.org/resource/A._P._Hill,http://en.wikipedia.org/wiki/A._P._Hill
http://dbpedia.org/resource/Black_Kettle,http://en.wikipedia.org/wiki/Black_Kettle
http://dbpedia.org/resource/Alexander_Murray_(1816%E2%80%931884),http://en.wikipedia.org/wiki/Alexander_Murray_(1816–1884)
http://dbpedia.org/resource/Charles_L._Pyron,http://en.wikipedia.org/wiki/Charles_L._Pyron
http://dbpedia.org/resource/Francis_M._Drake,http://en.wikipedia.org/wiki/Francis_M._Drake
http://dbpedia.org/resource/Cadmus_M._Wilcox,http://en.wikipedia.org/wiki/Cadmus_M._Wilcox
http://dbpedia.org/resource/James_M._Williams,http://en.wikipedia.org/wiki/James_M._Williams
http://dbpedia.org/resource/Opothleyahola,http://en.wikipedia.org/wiki/Opothleyahola
http://dbpedia.org/resource/Stephen_G._Hicks,http://en.wikipedia.org/wiki/Stephen_G._Hicks
http://dbpedia.org/resource/Lovell_Rousseau,http://en.wikipedia.org/wiki/Lovell_Rousseau
http://dbpedia.org/resource/Carter_L._Stevenson,http://en.wikipedia.org/wiki/Carter_L._Stevenson
http://dbpedia.org/resource/William_B._Cushing,http://en.wikipedia.org/wiki/William_B._Cushing
http://dbpedia.org/resource/George_B._Crittenden,http://en.wikipedia.org/wiki/George_B._Crittenden
http://dbpedia.org/resource/Big_Eagle,http://en.wikipedia.org/wiki/Big_Eagle
http://dbpedia.org/resource/Nathaniel_Lyon,http://en.wikipedia.org/wiki/Nathaniel_Lyon
http://dbpedia.org/resource/P._G._T._Beauregard,http://en.wikipedia.org/wiki/P._G._T._Beauregard
http://dbpedia.org/resource/Jesse_L._Reno,http://en.wikipedia.org/wiki/Jesse_L._Reno
http://dbpedia.org/resource/Reuben_Lindsay_Walker,http://en.wikipedia.org/wiki/Reuben_Lindsay_Walker
http://dbpedia.org/resource/David_Hunter,http://en.wikipedia.org/wiki/David_Hunter
http://dbpedia.org/resource/Ebenezer_W._Peirce,http://en.wikipedia.org/wiki/Ebenezer_W._Peirce
http://dbpedia.org/resource/James_Sewall_Reed,http://en.wikipedia.org/wiki/James_Sewall_Reed
http://dbpedia.org/resource/James_G._Blunt,http://en.wikipedia.org/wiki/James_G._Blunt
http://dbpedia.org/resource/Milledge_Luke_Bonham,http://en.wikipedia.org/wiki/Milledge_Luke_Bonham
http://dbpedia.org/resource/William_Quantrill,http://en.wikipedia.org/wiki/William_Quantrill
http://dbpedia.org/resource/Charles_DeWitt_Anderson,http://en.wikipedia.org/wiki/Charles_DeWitt_Anderson
http://dbpedia.org/resource/Daniel_Harvey_Hill,http://en.wikipedia.org/wiki/Daniel_Harvey_Hill
http://dbpedia.org/resource/Robert_H._Milroy,http://en.wikipedia.org/wiki/Robert_H._Milroy
http://dbpedia.org/resource/John_Reese_Kenly,http://en.wikipedia.org/wiki/John_Reese_Kenly
http://dbpedia.org/resource/Henry_R._Jackson,http://en.wikipedia.org/wiki/Henry_R._Jackson
http://dbpedia.org/resource/Matthew_Butler,http://en.wikipedia.org/wiki/Matthew_Butler
http://dbpedia.org/resource/James_Morrison_Hawes,http://en.wikipedia.org/wiki/James_Morrison_Hawes
http://dbpedia.org/resource/Christopher_C._Augur,http://en.wikipedia.org/wiki/Christopher_C._Augur
http://dbpedia.org/resource/Edmund_Kirby_Smith,http://en.wikipedia.org/wiki/Edmund_Kirby_Smith
http://dbpedia.org/resource/George_B._McClellan,http://en.wikipedia.org/wiki/George_B._McClellan
http://dbpedia.org/resource/Samuel_H._Starr,http://en.wikipedia.org/wiki/Samuel_H._Starr
http://dbpedia.org/resource/George_W._Taylor_(general),http://en.wikipedia.org/wiki/George_W._Taylor_(general)
http://dbpedia.org/resource/Charles_Zagonyi,http://en.wikipedia.org/wiki/Charles_Zagonyi
http://dbpedia.org/resource/Frederick_C._Salomon,http://en.wikipedia.org/wiki/Frederick_C._Salomon
http://dbpedia.org/resource/James_Montgomery_(colonel),http://en.wikipedia.org/wiki/James_Montgomery_(colonel)
http://dbpedia.org/resource/Louis_M._Goldsborough,http://en.wikipedia.org/wiki/Louis_M._Goldsborough
http://dbpedia.org/resource/John_J._Peck,http://en.wikipedia.org/wiki/John_J._Peck
http://dbpedia.org/resource/Henry_Hopkins_Sibley,http://en.wikipedia.org/wiki/Henry_Hopkins_Sibley
http://dbpedia.org/resource/Edward_Dickinson_Baker,http://en.wikipedia.org/wiki/Edward_Dickinson_Baker
http://dbpedia.org/resource/Sherod_Hunter,http://en.wikipedia.org/wiki/Sherod_Hunter
http://dbpedia.org/resource/Alfred_Holt,http://en.wikipedia.org/wiki/Alfred_Holt
http://dbpedia.org/resource/Joseph_Hooker,http://en.wikipedia.org/wiki/Joseph_Hooker
http://dbpedia.org/resource/Edward_M._McCook,http://en.wikipedia.org/wiki/Edward_M._McCook
http://dbpedia.org/resource/Henry_Heth,http://en.wikipedia.org/wiki/Henry_Heth
http://dbpedia.org/resource/Franz_Sigel,http://en.wikipedia.org/wiki/Franz_Sigel
http://dbpedia.org/resource/William_B._Bate,http://en.wikipedia.org/wiki/William_B._Bate
http://dbpedia.org/resource/William_Henry_Parsons_(colonel),http://en.wikipedia.org/wiki/William_Henry_Parsons_(colonel)
http://dbpedia.org/resource/Albin_Francisco_Schoepf,http://en.wikipedia.org/wiki/Albin_Francisco_Schoepf
http://dbpedia.org/resource/George_E._Dixon,http://en.wikipedia.org/wiki/George_E._Dixon
http://dbpedia.org/resource/Walter_Gwynn,http://en.wikipedia.org/wiki/Walter_Gwynn
http://dbpedia.org/resource/Charles_R._Woods,http://en.wikipedia.org/wiki/Charles_R._Woods
http://dbpedia.org/resource/Charles_Read_(naval_officer),http://en.wikipedia.org/wiki/Charles_Read_(naval_officer)
http://dbpedia.org/resource/Joseph_Bloomfield_Leake,http://en.wikipedia.org/wiki/Joseph_Bloomfield_Leake
http://dbpedia.org/resource/Wapasha_III,http://en.wikipedia.org/wiki/Wapasha_III
http://dbpedia.org/resource/Pleasant_J._Philips,http://en.wikipedia.org/wiki/Pleasant_J._Philips
http://dbpedia.org/resource/Irvin_McDowell,http://en.wikipedia.org/wiki/Irvin_McDowell
http://dbpedia.org/resource/William_Hicks_Jackson,http://en.wikipedia.org/wiki/William_Hicks_Jackson
http://dbpedia.org/resource/William_Lowther_%22Mudwall%22_Jackson,http://en.wikipedia.org/wiki/William_Lowther_%22Mudwall%22_Jackson
http://dbpedia.org/resource/Charles_C._Walcutt,http://en.wikipedia.org/wiki/Charles_C._Walcutt
http://dbpedia.org/resource/John_Davidson_(general),http://en.wikipedia.org/wiki/John_Davidson_(general)
http://dbpedia.org/resource/Nathan_George_Evans,http://en.wikipedia.org/wiki/Nathan_George_Evans
http://dbpedia.org/resource/Bradley_Tyler_Johnson,http://en.wikipedia.org/wiki/Bradley_Tyler_Johnson
http://dbpedia.org/resource/John_Baylor,http://en.wikipedia.org/wiki/John_Baylor
http://dbpedia.org/resource/Lew_Wallace,http://en.wikipedia.org/wiki/Lew_Wallace
http://dbpedia.org/resource/Raphael_Semmes,http://en.wikipedia.org/wiki/Raphael_Semmes
http://dbpedia.org/resource/George_Balch,http://en.wikipedia.org/wiki/George_Balch
http://dbpedia.org/resource/Braxton_Bragg,http://en.wikipedia.org/wiki/Braxton_Bragg
http://dbpedia.org/resource/J._Thompson_Brown,http://en.wikipedia.org/wiki/J._Thompson_Brown
http://dbpedia.org/resource/George_T._Anderson,http://en.wikipedia.org/wiki/George_T._Anderson
http://dbpedia.org/resource/John_M._Corse,http://en.wikipedia.org/wiki/John_M._Corse
http://dbpedia.org/resource/Richard_Taylor_(general),http://en.wikipedia.org/wiki/Richard_Taylor_(general)
http://dbpedia.org/resource/Nathan_Kimball,http://en.wikipedia.org/wiki/Nathan_Kimball
http://dbpedia.org/resource/Fitzhugh_Lee,http://en.wikipedia.org/wiki/Fitzhugh_Lee
http://dbpedia.org/resource/Catesby_ap_Roger_Jones,http://en.wikipedia.org/wiki/Catesby_ap_Roger_Jones
http://dbpedia.org/resource/Henry_Hastings_Sibley,http://en.wikipedia.org/wiki/Henry_Hastings_Sibley
http://dbpedia.org/resource/Frederick_Crocker,http://en.wikipedia.org/wiki/Frederick_Crocker
http://dbpedia.org/resource/John_S._Bowen,http://en.wikipedia.org/wiki/John_S._Bowen
http://dbpedia.org/resource/John_C._Pemberton,http://en.wikipedia.org/wiki/John_C._Pemberton
http://dbpedia.org/resource/Henry_Jackson_Hunt,http://en.wikipedia.org/wiki/Henry_Jackson_Hunt
http://dbpedia.org/resource/George_Armstrong_Custer,http://en.wikipedia.org/wiki/George_Armstrong_Custer
http://dbpedia.org/resource/Thomas_A._Morris,http://en.wikipedia.org/wiki/Thomas_A._Morris
http://dbpedia.org/resource/William_H._Macomb,http://en.wikipedia.org/wiki/William_H._Macomb
http://dbpedia.org/resource/Edward_Hatch,http://en.wikipedia.org/wiki/Edward_Hatch
http://dbpedia.org/resource/James_A._Mulligan,http://en.wikipedia.org/wiki/James_A._Mulligan
http://dbpedia.org/resource/Elijah_V._White,http://en.wikipedia.org/wiki/Elijah_V._White
http://dbpedia.org/resource/Gordon_Granger,http://en.wikipedia.org/wiki/Gordon_Granger
http://dbpedia.org/resource/Humphrey_Marshall_(general),http://en.wikipedia.org/wiki/Humphrey_Marshall_(general)
http://dbpedia.org/resource/Jubal_Early,http://en.wikipedia.org/wiki/Jubal_Early
http://dbpedia.org/resource/Adolph_Englemann,http://en.wikipedia.org/wiki/Adolph_Englemann
http://dbpedia.org/resource/William_Tecumseh_Sherman,http://en.wikipedia.org/wiki/William_Tecumseh_Sherman
http://dbpedia.org/resource/Collett_Leventhorpe,http://en.wikipedia.org/wiki/Collett_Leventhorpe
http://dbpedia.org/resource/Graham_N._Fitch,http://en.wikipedia.org/wiki/Graham_N._Fitch
http://dbpedia.org/resource/John_A._Poindexter,http://en.wikipedia.org/wiki/John_A._Poindexter
http://dbpedia.org/resource/Leonard_Fulton_Ross,http://en.wikipedia.org/wiki/Leonard_Fulton_Ross
http://dbpedia.org/resource/Edward_Johnson_(general),http://en.wikipedia.org/wiki/Edward_Johnson_(general)
http://dbpedia.org/resource/Joseph_C._Porter,http://en.wikipedia.org/wiki/Joseph_C._Porter
"http://dbpedia.org/resource/Thomas_Oliver_Selfridge,_Jr.","http://en.wikipedia.org/wiki/Thomas_Oliver_Selfridge,_Jr."
http://dbpedia.org/resource/William_Babcock_Hazen,http://en.wikipedia.org/wiki/William_Babcock_Hazen
http://dbpedia.org/resource/James_Fleming_Fagan,http://en.wikipedia.org/wiki/James_Fleming_Fagan
http://dbpedia.org/resource/Patrick_Cleburne,http://en.wikipedia.org/wiki/Patrick_Cleburne
http://dbpedia.org/resource/Truman_Seymour,http://en.wikipedia.org/wiki/Truman_Seymour
http://dbpedia.org/resource/Charles_Edward_Hovey,http://en.wikipedia.org/wiki/Charles_Edward_Hovey
http://dbpedia.org/resource/William_A._Webb,http://en.wikipedia.org/wiki/William_A._Webb
http://dbpedia.org/resource/James_S._Negley,http://en.wikipedia.org/wiki/James_S._Negley
http://dbpedia.org/resource/George_Pickett,http://en.wikipedia.org/wiki/George_Pickett
http://dbpedia.org/resource/John_Bell_Hood,http://en.wikipedia.org/wiki/John_Bell_Hood
http://dbpedia.org/resource/Granville_Henderson_Oury,http://en.wikipedia.org/wiki/Granville_Henderson_Oury
http://dbpedia.org/resource/John_W._Kittredge,http://en.wikipedia.org/wiki/John_W._Kittredge
http://dbpedia.org/resource/Lloyd_Tilghman,http://en.wikipedia.org/wiki/Lloyd_Tilghman
http://dbpedia.org/resource/Stephen_G._Burbridge,http://en.wikipedia.org/wiki/Stephen_G._Burbridge
http://dbpedia.org/resource/Wade_Hampton_III,http://en.wikipedia.org/wiki/Wade_Hampton_III
http://dbpedia.org/resource/Don_Carlos_Buell,http://en.wikipedia.org/wiki/Don_Carlos_Buell
http://dbpedia.org/resource/Ambrose_Burnside,http://en.wikipedia.org/wiki/Ambrose_Burnside
http://dbpedia.org/resource/John_T._Wilder,http://en.wikipedia.org/wiki/John_T._Wilder
http://dbpedia.org/resource/Godfrey_Weitzel,http://en.wikipedia.org/wiki/Godfrey_Weitzel
http://dbpedia.org/resource/Benjamin_Huger_(general),http://en.wikipedia.org/wiki/Benjamin_Huger_(general)
http://dbpedia.org/resource/Simon_Bolivar_Buckner,http://en.wikipedia.org/wiki/Simon_Bolivar_Buckner
"http://dbpedia.org/resource/John_Bullock_Clark,_Jr.","http://en.wikipedia.org/wiki/John_Bullock_Clark,_Jr."
http://dbpedia.org/resource/Alfred_W._Ellet,http://en.wikipedia.org/wiki/Alfred_W._Ellet
http://dbpedia.org/resource/Claiborne_Fox_Jackson,http://en.wikipedia.org/wiki/Claiborne_Fox_Jackson
http://dbpedia.org/resource/Samuel_Francis_Du_Pont,http://en.wikipedia.org/wiki/Samuel_Francis_Du_Pont
"http://dbpedia.org/resource/Charles_Ellet,_Jr.","http://en.wikipedia.org/wiki/Charles_Ellet,_Jr."
http://dbpedia.org/resource/John_A._Dahlgren,http://en.wikipedia.org/wiki/John_A._Dahlgren
http://dbpedia.org/resource/Franklin_Gardner,http://en.wikipedia.org/wiki/Franklin_Gardner
http://dbpedia.org/resource/Thomas_Kilby_Smith,http://en.wikipedia.org/wiki/Thomas_Kilby_Smith
http://dbpedia.org/resource/John_C._Vaughn,http://en.wikipedia.org/wiki/John_C._Vaughn
http://dbpedia.org/resource/Thomas_Moonlight,http://en.wikipedia.org/wiki/Thomas_Moonlight
http://dbpedia.org/resource/Benjamin_C._Christ,http://en.wikipedia.org/wiki/Benjamin_C._Christ
http://dbpedia.org/resource/William_C._Oates,http://en.wikipedia.org/wiki/William_C._Oates
http://dbpedia.org/resource/William_Lewis_Cabell,http://en.wikipedia.org/wiki/William_Lewis_Cabell
http://dbpedia.org/resource/August_Kautz,http://en.wikipedia.org/wiki/August_Kautz
http://dbpedia.org/resource/Frederick_W._Lander,http://en.wikipedia.org/wiki/Frederick_W._Lander
http://dbpedia.org/resource/John_P._Slough,http://en.wikipedia.org/wiki/John_P._Slough
http://dbpedia.org/resource/James_Henry_Carleton,http://en.wikipedia.org/wiki/James_Henry_Carleton
http://dbpedia.org/resource/Sitting_Bull,http://en.wikipedia.org/wiki/Sitting_Bull
http://dbpedia.org/resource/John_Taylor_Wood,http://en.wikipedia.org/wiki/John_Taylor_Wood
http://dbpedia.org/resource/John_Buford,http://en.wikipedia.org/wiki/John_Buford
http://dbpedia.org/resource/Thomas_Williams_(general),http://en.wikipedia.org/wiki/Thomas_Williams_(general)
http://dbpedia.org/resource/John_Parke,http://en.wikipedia.org/wiki/John_Parke
http://dbpedia.org/resource/Louis_H%C3%A9bert_(Confederate_Army_officer),http://en.wikipedia.org/wiki/Louis_Hébert_(Confederate_Army_officer)
"http://dbpedia.org/resource/Thomas_Ewing,_Jr.","http://en.wikipedia.org/wiki/Thomas_Ewing,_Jr."
http://dbpedia.org/resource/John_George_Walker,http://en.wikipedia.org/wiki/John_George_Walker
http://dbpedia.org/resource/William_H.C._Whiting,http://en.wikipedia.org/wiki/William_H.C._Whiting
http://dbpedia.org/resource/Hamilton_P._Bee,http://en.wikipedia.org/wiki/Hamilton_P._Bee
http://dbpedia.org/resource/Johnson_Hagood_(governor),http://en.wikipedia.org/wiki/Johnson_Hagood_(governor)
http://dbpedia.org/resource/Cochise,http://en.wikipedia.org/wiki/Cochise
http://dbpedia.org/resource/James_A._Garfield,http://en.wikipedia.org/wiki/James_A._Garfield
http://dbpedia.org/resource/Gall_(Native_American_leader),http://en.wikipedia.org/wiki/Gall_(Native_American_leader)
http://dbpedia.org/resource/Stephen_A._Hurlbut,http://en.wikipedia.org/wiki/Stephen_A._Hurlbut
http://dbpedia.org/resource/Andrew_Hull_Foote,http://en.wikipedia.org/wiki/Andrew_Hull_Foote
http://dbpedia.org/resource/Alfred_Pleasonton,http://en.wikipedia.org/wiki/Alfred_Pleasonton
http://dbpedia.org/resource/Sam_Jones_(Confederate_Army_officer),http://en.wikipedia.org/wiki/Sam_Jones_(Confederate_Army_officer)
http://dbpedia.org/resource/Edward_E._Potter,http://en.wikipedia.org/wiki/Edward_E._Potter
http://dbpedia.org/resource/Elias_Smith_Dennis,http://en.wikipedia.org/wiki/Elias_Smith_Dennis
http://dbpedia.org/resource/Alfred_N._Duffi%C3%A9,http://en.wikipedia.org/wiki/Alfred_N._Duffié
http://dbpedia.org/resource/Richard_W._Dowling,http://en.wikipedia.org/wiki/Richard_W._Dowling
http://dbpedia.org/resource/Robert_Patterson,http://en.wikipedia.org/wiki/Robert_Patterson
http://dbpedia.org/resource/Alexander_Alderman_Semmes,http://en.wikipedia.org/wiki/Alexander_Alderman_Semmes
http://dbpedia.org/resource/Horatio_Wright,http://en.wikipedia.org/wiki/Horatio_Wright
http://dbpedia.org/resource/Thomas_C._Hindman,http://en.wikipedia.org/wiki/Thomas_C._Hindman
http://dbpedia.org/resource/John_Gibbon,http://en.wikipedia.org/wiki/John_Gibbon
http://dbpedia.org/resource/Pierce_M._B._Young,http://en.wikipedia.org/wiki/Pierce_M._B._Young
http://dbpedia.org/resource/Richard_S._Ewell,http://en.wikipedia.org/wiki/Richard_S._Ewell
http://dbpedia.org/resource/George_Spalding,http://en.wikipedia.org/wiki/George_Spalding
http://dbpedia.org/resource/Robert_C._Tyler,http://en.wikipedia.org/wiki/Robert_C._Tyler
http://dbpedia.org/resource/Percival_Drayton,http://en.wikipedia.org/wiki/Percival_Drayton
http://dbpedia.org/resource/Nathan_Bedford_Forrest,http://en.wikipedia.org/wiki/Nathan_Bedford_Forrest
http://dbpedia.org/resource/Mangas_Coloradas,http://en.wikipedia.org/wiki/Mangas_Coloradas
http://dbpedia.org/resource/Joseph_Wheeler,http://en.wikipedia.org/wiki/Joseph_Wheeler
http://dbpedia.org/resource/William_F._Martin,http://en.wikipedia.org/wiki/William_F._Martin
http://dbpedia.org/resource/John_F._Reynolds,http://en.wikipedia.org/wiki/John_F._Reynolds
http://dbpedia.org/resource/George_A._Porterfield,http://en.wikipedia.org/wiki/George_A._Porterfield
http://dbpedia.org/resource/Charles_W._Field,http://en.wikipedia.org/wiki/Charles_W._Field
http://dbpedia.org/resource/John_Milton_Brannan,http://en.wikipedia.org/wiki/John_Milton_Brannan
http://dbpedia.org/resource/Maxcy_Gregg,http://en.wikipedia.org/wiki/Maxcy_Gregg
http://dbpedia.org/resource/Thomas_Green_(general),http://en.wikipedia.org/wiki/Thomas_Green_(general)
http://dbpedia.org/resource/William_Mahone,http://en.wikipedia.org/wiki/William_Mahone
http://dbpedia.org/resource/Abel_Streight,http://en.wikipedia.org/wiki/Abel_Streight
http://dbpedia.org/resource/Benjamin_F._Loan,http://en.wikipedia.org/wiki/Benjamin_F._Loan
http://dbpedia.org/resource/Francis_J._Herron,http://en.wikipedia.org/wiki/Francis_J._Herron
http://dbpedia.org/resource/Albert_G._Jenkins,http://en.wikipedia.org/wiki/Albert_G._Jenkins
http://dbpedia.org/resource/Little_Crow,http://en.wikipedia.org/wiki/Little_Crow
http://dbpedia.org/resource/John_B._Floyd,http://en.wikipedia.org/wiki/John_B._Floyd
http://dbpedia.org/resource/Harvey_Brown_(officer),http://en.wikipedia.org/wiki/Harvey_Brown_(officer)
http://dbpedia.org/resource/John_Sedgwick,http://en.wikipedia.org/wiki/John_Sedgwick
http://dbpedia.org/resource/John_Schofield,http://en.wikipedia.org/wiki/John_Schofield
http://dbpedia.org/resource/John_Brown_Gordon,http://en.wikipedia.org/wiki/John_Brown_Gordon
http://dbpedia.org/resource/Alfred_Thomas_Archimedes_Torbert,http://en.wikipedia.org/wiki/Alfred_Thomas_Archimedes_Torbert
http://dbpedia.org/resource/George_W._Morgan,http://en.wikipedia.org/wiki/George_W._Morgan
http://dbpedia.org/resource/Benjamin_McCulloch,http://en.wikipedia.org/wiki/Benjamin_McCulloch
http://dbpedia.org/resource/Moses_Wright_Hannon,http://en.wikipedia.org/wiki/Moses_Wright_Hannon
http://dbpedia.org/resource/Joseph_Finnegan_(Brigadier_general),http://en.wikipedia.org/wiki/Joseph_Finnegan_(Brigadier_general)
http://dbpedia.org/resource/Melancton_Smith_(1810%E2%80%931893),http://en.wikipedia.org/wiki/Melancton_Smith_(1810–1893)
http://dbpedia.org/resource/William_W._Loring,http://en.wikipedia.org/wiki/William_W._Loring
http://dbpedia.org/resource/John_Porter_Hatch,http://en.wikipedia.org/wiki/John_Porter_Hatch
http://dbpedia.org/resource/James_H._Wilson,http://en.wikipedia.org/wiki/James_H._Wilson
http://dbpedia.org/resource/Oscar_Hugh_La_Grange,http://en.wikipedia.org/wiki/Oscar_Hugh_La_Grange
http://dbpedia.org/resource/August_Willich,http://en.wikipedia.org/wiki/August_Willich
http://dbpedia.org/resource/John_Rodgers_(American_Civil_War_naval_officer),http://en.wikipedia.org/wiki/John_Rodgers_(American_Civil_War_naval_officer)
http://dbpedia.org/resource/Oliver_O._Howard,http://en.wikipedia.org/wiki/Oliver_O._Howard
http://dbpedia.org/resource/Daniel_Tyler,http://en.wikipedia.org/wiki/Daniel_Tyler
http://dbpedia.org/resource/John_W._Frazer,http://en.wikipedia.org/wiki/John_W._Frazer
http://dbpedia.org/resource/John_Salmon_Ford,http://en.wikipedia.org/wiki/John_Salmon_Ford
http://dbpedia.org/resource/William_Wirt_Adams,http://en.wikipedia.org/wiki/William_Wirt_Adams
http://dbpedia.org/resource/Egbert_B._Brown,http://en.wikipedia.org/wiki/Egbert_B._Brown
http://dbpedia.org/resource/John_Mobberly,http://en.wikipedia.org/wiki/John_Mobberly
http://dbpedia.org/resource/William_B._Taliaferro,http://en.wikipedia.org/wiki/William_B._Taliaferro
http://dbpedia.org/resource/Benjamin_S._Roberts,http://en.wikipedia.org/wiki/Benjamin_S._Roberts
http://dbpedia.org/resource/Henry_Eugene_Davies,http://en.wikipedia.org/wiki/Henry_Eugene_Davies
http://dbpedia.org/resource/John_Hunt_Morgan,http://en.wikipedia.org/wiki/John_Hunt_Morgan
http://dbpedia.org/resource/Joshua_Chamberlain,http://en.wikipedia.org/wiki/Joshua_Chamberlain
http://dbpedia.org/resource/John_Brown_(abolitionist),http://en.wikipedia.org/wiki/John_Brown_(abolitionist)
http://dbpedia.org/resource/John_Pegram_(general),http://en.wikipedia.org/wiki/John_Pegram_(general)
http://dbpedia.org/resource/Joseph_A._Mower,http://en.wikipedia.org/wiki/Joseph_A._Mower
http://dbpedia.org/resource/Robert_Byington_Mitchell,http://en.wikipedia.org/wiki/Robert_Byington_Mitchell
http://dbpedia.org/resource/Edward_Winslow_Hinks,http://en.wikipedia.org/wiki/Edward_Winslow_Hinks
http://dbpedia.org/resource/Samuel_Barron_(1809%E2%80%931888),http://en.wikipedia.org/wiki/Samuel_Barron_(1809–1888)
http://dbpedia.org/resource/Xavier_Debray,http://en.wikipedia.org/wiki/Xavier_Debray
http://dbpedia.org/resource/John_Alexander_McClernand,http://en.wikipedia.org/wiki/John_Alexander_McClernand
http://dbpedia.org/resource/Alvan_Cullem_Gillem,http://en.wikipedia.org/wiki/Alvan_Cullem_Gillem
"http://dbpedia.org/resource/George_S._Patton,_Sr.","http://en.wikipedia.org/wiki/George_S._Patton,_Sr."
http://dbpedia.org/resource/Thomas_Turpin_Crittenden,http://en.wikipedia.org/wiki/Thomas_Turpin_Crittenden
http://dbpedia.org/resource/Johnson_K._Duncan,http://en.wikipedia.org/wiki/Johnson_K._Duncan
http://dbpedia.org/resource/Edward_A._Wild,http://en.wikipedia.org/wiki/Edward_A._Wild
http://dbpedia.org/resource/Smith_D._Atkins,http://en.wikipedia.org/wiki/Smith_D._Atkins
http://dbpedia.org/resource/William_T._Glassell,http://en.wikipedia.org/wiki/William_T._Glassell
http://dbpedia.org/resource/William_Stephen_Walker,http://en.wikipedia.org/wiki/William_Stephen_Walker
http://dbpedia.org/resource/Samuel_B._Maxey,http://en.wikipedia.org/wiki/Samuel_B._Maxey
http://dbpedia.org/resource/William_Carlin,http://en.wikipedia.org/wiki/William_Carlin
http://dbpedia.org/resource/James_Patrick_Major,http://en.wikipedia.org/wiki/James_Patrick_Major
http://dbpedia.org/resource/John_C._Breckinridge,http://en.wikipedia.org/wiki/John_C._Breckinridge
http://dbpedia.org/resource/George_Meade,http://en.wikipedia.org/wiki/George_Meade
http://dbpedia.org/resource/Winfield_Scott_Hancock,http://en.wikipedia.org/wiki/Winfield_Scott_Hancock
http://dbpedia.org/resource/Edmund_Colhoun,http://en.wikipedia.org/wiki/Edmund_Colhoun
http://dbpedia.org/resource/Benjamin_Grierson,http://en.wikipedia.org/wiki/Benjamin_Grierson
http://dbpedia.org/resource/Lionel_F._Booth,http://en.wikipedia.org/wiki/Lionel_F._Booth
http://dbpedia.org/resource/Philip_Kearny,http://en.wikipedia.org/wiki/Philip_Kearny
