battle,comm_id,combatant,commander
AL001,US7,US,Abel Streight
AL001,CS109,CS,Nathan Bedford Forrest
AL002,CS108,CS,Moses W. Hannon
AL002,US61,US,Emil Adams
AL004,CS70,CS,John Bell Hood
AL004,US171,US,Robert S. Granger
AL005,CS116,CS,Randall L. Gibson
AL005,US49,US,E.R.S. Canby
AL006,US49,US,E.R.S. Canby
AL007,CS109,CS,Nathan Bedford Forrest
AL007,US117,US,James Wilson
AR001,CS27,CS,Earl Van Dorn
AR001,US176,US,Samuel R. Curtis
AR003,CS151,CS,William H. Parsons
AR003,US200,US,William P. Benton
AR003,US34,US,Charles Hovey
AR003,CS135,CS,Thomas C. Hindman
AR004,US108,US,James G. Blunt
AR004,CS85,CS,John S. Marmaduke
AR005,CS135,CS,Thomas C. Hindman
AR005,US68,US,Francis J. Herron
AR005,US108,US,James G. Blunt
AR007,US205,US,William Vandever
AR007,CS85,CS,John S. Marmaduke
AR008,US28,US,Benjamin M. Prentiss
AR008,CS134,CS,Theophilus H. Holmes
AR009,US197,US,William F. Cloud
AR009,CS143,CS,W.L. Cabell
AR010,US142,US,John W. Davidson
AR010,CS85,CS,John S. Marmaduke
AR011,CS85,CS,John S. Marmaduke
AR011,US165,US,Powell Clayton
AR012,CS85,CS,John S. Marmaduke
AR012,US71,US,Fred Steele
AR013,US71,US,Fred Steele
AR013,CS133,CS,Sterling Price
AR014,CS85,CS,John S. Marmaduke
AR014,CS128,CS,Samuel Bell Maxey
AR014,US111,US,James M. Williams
AR015,CS57,CS,James F. Fagan
AR015,US67,US,Francis Drake
AR016,US71,US,Fred Steele
AR016,CS26,CS,E. Kirby Smith
AR017,CS21,CS,Colton Greene
AR017,US145,US,Joseph A. Mower
DC001,US13,US,Alexander McDowell McCook
DC001,US95,US,Horatio Wright
DC001,CS97,CS,Jubal A. Early
FL001,US86,US,Harvey Brown
FL003,US129,US,John M. Brannan
FL003,CS16,CS,Charles F. Hopkins
FL005,CS93,CS,Joseph Finegan
FL005,US188,US,Truman Seymour
FL006,US133,US,John Newton
FL006,CS127,CS,Sam Jones
GA001,US166,US,Quincy A. Gillmore
GA001,US45,US,David Hunter
GA001,CS18,CS,Charles H. Olmstead
GA003,CS71,CS,John C. Breckinridge
GA003,CS135,CS,Thomas C. Hindman
GA003,US112,US,James Negley
GA004,CS59,CS,James Longstreet
GA004,US202,US,William S. Rosecrans
GA004,US80,US,George H. Thomas
GA004,CS10,CS,Braxton Bragg
GA005,US147,US,Joseph Hooker
GA005,CS112,CS,Patrick R. Cleburne
GA006,CS92,CS,Joseph E. Johnston
GA006,US80,US,George H. Thomas
GA007,CS92,CS,Joseph E. Johnston
GA007,US204,US,William T. Sherman
GA008,CS92,CS,Joseph E. Johnston
GA008,US204,US,William T. Sherman
GA009,CS92,CS,Joseph E. Johnston
GA009,US204,US,William T. Sherman
GA010,US147,US,Joseph Hooker
GA010,CS92,CS,Joseph E. Johnston
GA010,US204,US,William T. Sherman
GA011,CS92,CS,Joseph E. Johnston
GA011,US204,US,William T. Sherman
GA012,CS112,CS,Patrick R. Cleburne
GA012,US160,US,Oliver O. Howard
GA013,CS92,CS,Joseph E. Johnston
GA013,US204,US,William T. Sherman
GA014,CS70,CS,John Bell Hood
GA014,US147,US,Joseph Hooker
GA014,US131,US,John M. Schofield
GA015,US204,US,William T. Sherman
GA015,CS92,CS,Joseph E. Johnston
GA016,CS70,CS,John Bell Hood
GA016,US80,US,George H. Thomas
GA017,US204,US,William T. Sherman
GA017,CS70,CS,John Bell Hood
GA018,US160,US,Oliver O. Howard
GA018,CS70,CS,John Bell Hood
GA019,US131,US,John M. Schofield
GA019,CS70,CS,John Bell Hood
GA020,US107,US,James B. Steedman
GA020,CS96,CS,Joseph Wheeler
GA021,CS150,CS,William H. Jackson
GA021,US85,US,H. Judson Kilpatrick
GA022,US204,US,William T. Sherman
GA022,CS153,CS,William J. Hardee
GA023,CS129,CS,Samuel G. French
GA023,US130,US,John M. Corse
GA025,CS115,CS,Pleasant J. Philips
GA025,US31,US,Charles C. Walcutt
GA025,CS96,CS,Joseph Wheeler
GA026,CS96,CS,Joseph Wheeler
GA026,US85,US,H. Judson Kilpatrick
GA027,US85,US,H. Judson Kilpatrick
GA027,CS96,CS,Joseph Wheeler
GA028,CS35,CS,George A. Anderson
GA028,US195,US,William B. Hazen
IN001,US151,US,Lewis Jordan
IN001,CS76,CS,John Hunt Morgan
KS002,US106,US,James B. Pond
KS002,US108,US,James G. Blunt
KS002,CS147,CS,William C. Quantrill
KS003,CS85,CS,John S. Marmaduke
KS003,CS57,CS,James F. Fagan
KS003,US15,US,Alfred Pleasonton
KS004,CS85,CS,John S. Marmaduke
KS004,CS57,CS,James F. Fagan
KS004,US15,US,Alfred Pleasonton
KY001,US97,US,Isaac J. Black
KY001,CS66,CS,Joel A. Battle
KY002,CS29,CS,Felix Zollicoffer
KY002,US12,US,Albin F. Schoepf
KY003,US199,US,William Nelson
KY003,CS86,CS,John S. Williams
KY003,US149,US,Joshua W. Sill
KY004,US24,US,August Willich
KY004,CS135,CS,Thomas C. Hindman
KY005,US109,US,James Garfield
KY005,CS48,CS,Humphrey Marshall
KY006,CS37,CS,George B. Crittenden
KY006,US80,US,George H. Thomas
KY007,CS26,CS,E. Kirby Smith
KY007,US199,US,William Nelson
KY008,US40,US,Cyrus L. Dunham
KY008,US141,US,John T. Wilder
KY008,CS63,CS,James R. Chalmers
KY008,CS10,CS,Braxton Bragg
KY009,CS10,CS,Braxton Bragg
KY009,US48,US,Don Carlos Buell
KY010,US116,US,James W. Shirk
KY010,CS109,CS,Nathan Bedford Forrest
KY010,US179,US,Stephen G. Hicks
KY011,CS76,CS,John Hunt Morgan
KY011,US178,US,Stephen Gano Burbridge
LA003,CS71,CS,John C. Breckinridge
LA003,US186,US,Thomas Williams
LA004,US44,US,David G. Farragut
LA004,CS114,CS,Phillippe Landry
LA005,US82,US,Godfrey Weitzel
LA005,CS7,CS,Alfred Mouton
LA006,CS120,CS,Richard Taylor
LA006,US158,US,Nathaniel P. Banks
LA007,CS120,CS,Richard Taylor
LA007,US39,US,Cuvier Grover
LA008,CS120,CS,Richard Taylor
LA008,US39,US,Cuvier Grover
LA009,US38,US,Christopher C. Augur
LA009,CS156,CS,William R. Miles
LA009,CS31,CS,Frank P. Powers
LA010,US158,US,Nathaniel P. Banks
LA010,CS33,CS,Franklin Gardner
LA011,US92,US,Hermann Lieb
LA011,CS43,CS,Henry E. McCulloch
LA012,CS62,CS,James P. Major
LA012,US11,US,Albert Stickney
LA013,CS141,CS,Tom Green
LA013,US146,US,Joseph D. Bullen
LA014,CS151,CS,William H. Parsons
LA014,US19,US,Alfred W. Ellet
LA015,US39,US,Cuvier Grover
LA015,US82,US,Godfrey Weitzel
LA015,CS141,CS,Tom Green
LA016,US155,US,Napoleon J.T. Dana
LA016,CS141,CS,Tom Green
LA017,US6,US,A.J. Smith
LA017,CS146,CS,William Byrd
LA017,US145,US,Joseph A. Mower
LA018,CS120,CS,Richard Taylor
LA018,US158,US,Nathaniel P. Banks
LA019,CS120,CS,Richard Taylor
LA019,US158,US,Nathaniel P. Banks
LA020,US184,US,Thomas Kilby Smith
LA020,CS141,CS,Tom Green
LA020,US43,US,David D. Porter
LA021,CS42,CS,Hamilton P. Bee
LA021,US158,US,Nathaniel P. Banks
LA022,US158,US,Nathaniel P. Banks
LA022,CS120,CS,Richard Taylor
LA023,CS120,CS,Richard Taylor
LA023,US145,US,Joseph A. Mower
MD001,US65,US,F.W. Lander
MD001,CS138,CS,Thomas J. Jackson
MD002,US77,US,George B. McClellan
MD002,CS122,CS,Robert E. Lee
MD003,CS122,CS,Robert E. Lee
MD003,US77,US,George B. McClellan
MD004,US79,US,George G. Meade
MD004,CS122,CS,Robert E. Lee
MD006,CS50,CS,J.E.B. Stuart
MD006,US15,US,Alfred Pleasonton
MD007,CS97,CS,Jubal A. Early
MD007,US150,US,Lew Wallace
MD008,US27,US,Benjamin F. Kelly
MD008,CS79,CS,John McCausland
MO001,US157,US,Nathaniel Lyon
MO001,CS85,CS,John S. Marmaduke
MO002,US70,US,Franz Sigel
MO003,US139,US,John Scott
MO004,US157,US,Nathaniel Lyon
MO004,US174,US,Samuel D. Sturgis
MO005,CS64,CS,James S. Rains
MO005,CS133,CS,Sterling Price
MO005,US102,US,J.H. Lane
MO006,US104,US,James A. Mulligan
MO006,CS133,CS,Sterling Price
MO007,US201,US,William P. Carlin
MO007,US100,US,J.B. Plummer
MO007,CS103,CS,M. Jeff Thompson
MO008,CS58,CS,James Frazier
MO008,US118,US,James Zagonyi
MO009,CS40,CS,Gideon J. Pillow
MO009,US190,US,Ulysses S. Grant
MO010,US28,US,Benjamin M. Prentiss
MO010,CS13,CS,Caleb Dorsey
MO011,CS49,CS,J.A. Poindexter
MO011,US192,US,W.M.G. Torrence
MO013,CS91,CS,Joseph C. Porter
MO013,US132,US,John McNeil
MO014,CS52,CS,J.T. Hughes
MO014,CS34,CS,G.W. Thompson
MO014,US115,US,James T. Buel
MO015,CS65,CS,Jeremiah Vard Cockrell
MO015,US62,US,Emory S. Foster
MO015,CS142,CS,Upton Hays
MO015,CS34,CS,G.W. Thompson
MO016,US73,US,Friedrich Salomon
MO016,CS24,CS,Douglas H. Cooper
MO017,CS82,CS,John Q. Burbridge
MO017,US94,US,Hiram E. Barstow
MO017,CS21,CS,Colton Greene
MO018,CS85,CS,John S. Marmaduke
MO018,US60,US,Egbert B. Brown
MO019,US175,US,Samuel Merrill
MO019,CS85,CS,John S. Marmaduke
MO020,CS85,CS,John S. Marmaduke
MO020,US132,US,John McNeil
MO021,US183,US,Thomas Ewing Jr.
MO021,CS133,CS,Sterling Price
MO022,CS95,CS,Joseph Shelby
MO022,US37,US,Chester Harding
MO022,CS67,CS,John B. Clark
MO023,US108,US,James G. Blunt
MO023,CS133,CS,Sterling Price
MO024,CS133,CS,Sterling Price
MO024,US176,US,Samuel R. Curtis
MO025,US15,US,Alfred Pleasonton
MO025,CS85,CS,John S. Marmaduke
MO025,CS57,CS,James F. Fagan
MO026,US15,US,Alfred Pleasonton
MO026,US108,US,James G. Blunt
MO026,CS95,CS,Joseph Shelby
MO026,CS85,CS,John S. Marmaduke
MO027,CS133,CS,Sterling Price
MO027,US176,US,Samuel R. Curtis
MO028,US132,US,John McNeil
MO028,CS133,CS,Sterling Price
MO029,CS133,CS,Sterling Price
MO029,US108,US,James G. Blunt
MS001,CS133,CS,Sterling Price
MS001,US202,US,William S. Rosecrans
MS002,CS27,CS,Earl Van Dorn
MS002,US202,US,William S. Rosecrans
MS003,US204,US,William T. Sherman
MS003,CS72,CS,John C. Pemberton
MS004,CS84,CS,John S. Bowen
MS004,US43,US,David D. Porter
MS005,US204,US,William T. Sherman
MS005,CS102,CS,Louis HÌ©bert
MS006,CS84,CS,John S. Bowen
MS006,US190,US,Ulysses S. Grant
MS007,US105,US,James B. McPherson
MS007,CS75,CS,John Gregg
MS008,CS92,CS,Joseph E. Johnston
MS008,CS75,CS,John Gregg
MS008,US190,US,Ulysses S. Grant
MS009,US190,US,Ulysses S. Grant
MS009,CS72,CS,John C. Pemberton
MS010,US121,US,John A. McClernand
MS010,CS84,CS,John S. Bowen
MS011,CS72,CS,John C. Pemberton
MS011,US190,US,Ulysses S. Grant
MS012,CS99,CS,Leonidas Polk
MS012,US204,US,William T. Sherman
MS013,CS109,CS,Nathan Bedford Forrest
MS013,US203,US,William Sooy Smith
MS014,US174,US,Samuel D. Sturgis
MS014,CS109,CS,Nathan Bedford Forrest
MS015,CS132,CS,Stephen D. Lee
MS015,US6,US,A.J. Smith
MS015,CS109,CS,Nathan Bedford Forrest
MS016,US90,US,Henry W. Halleck
MS016,CS111,CS,P.G.T. Beauregard
NC005,CS8,CS,Ambrose Wright
NC005,US120,US,Jesse Lee Reno
NC006,CS39,CS,George Singletary
NC006,US64,US,F.A. Osborne
NC007,CS110,CS,Nathan Evans
NC007,US125,US,John G. Foster
NC008,US125,US,John G. Foster
NC008,CS9,CS,Beverly Robertson
NC009,US125,US,John G. Foster
NC009,CS136,CS,Thomas Clingman
NC010,CS22,CS,D.H. Hill
NC010,US93,US,Hiram Anderson
NC011,CS22,CS,D.H. Hill
NC011,US125,US,John G. Foster
NC016,US131,US,John M. Schofield
NC016,CS10,CS,Braxton Bragg
NC017,CS10,CS,Braxton Bragg
NC017,US131,US,John M. Schofield
NC018,CS96,CS,Joseph Wheeler
NC018,US85,US,H. Judson Kilpatrick
NC018,CS144,CS,Wade Hampton
NC019,US89,US,Henry Slocum
NC019,CS153,CS,William J. Hardee
NC020,US204,US,William T. Sherman
NC020,CS92,CS,Joseph E. Johnston
NC020,US89,US,Henry Slocum
NM001,CS141,CS,Tom Green
NM001,US49,US,E.R.S. Canby
NM001,CS44,US,Henry Hopkins Sibley
NM002,US134,US,John P. Slough
NM002,US123,US,John Chivington
NM002,CS157,CS,William R. Scurry
NM002,CS19,CS,Charles L. Pyron
OH001,CS76,CS,John Hunt Morgan
OH001,US53,US,Edward H. Hobson
OH002,CS76,CS,John Hunt Morgan
OH002,US114,US,James Shackelford
PA001,CS50,CS,J.E.B. Stuart
PA001,US85,US,H. Judson Kilpatrick
PA002,US79,US,George G. Meade
PA002,CS122,CS,Robert E. Lee
SC002,CS110,CS,Nathan Evans
SC002,US87,US,Henry Benham
SC003,US4,US,A.C. Rhind
SC003,CS60,CS,James McCullough
SC005,CS111,CS,P.G.T. Beauregard
SC005,US166,US,Quincy A. Gillmore
SC006,US14,US,Alfred H. Terry
SC006,CS89,CS,Johnson Hagood
SC010,US128,US,John Hatch
SC010,CS15,CS,Charles Colcock
SC011,US69,US,Francis P. Blair
SC011,CS98,CS,Lafayette McLaws
TN003,CS4,CS,Albert Sidney Johnston
TN003,US190,US,Ulysses S. Grant
TN003,US48,US,Don Carlos Buell
TN003,CS111,CS,P.G.T. Beauregard
TN005,CS26,CS,E. Kirby Smith
TN005,US112,US,James Negley
TN006,US185,US,Thomas T. Crittenden
TN006,CS109,CS,Nathan Bedford Forrest
TN007,US177,US,Stephen A. Hurlbut
TN007,CS27,CS,Earl Van Dorn
TN007,US57,US,Edward O.C. Ord
TN008,CS76,CS,John Hunt Morgan
TN008,US8,US,Absalom B. Moore
TN009,CS109,CS,Nathan Bedford Forrest
TN009,US9,US,Adolph Englemann
TN010,CS10,CS,Braxton Bragg
TN010,US202,US,William S. Rosecrans
TN011,CS109,CS,Nathan Bedford Forrest
TN011,US119,US,Jeremiah C. Sullivan
TN012,CS96,CS,Joseph Wheeler
TN012,US3,US,A.C. Harding
TN013,US124,US,John Coburn
TN013,CS27,CS,Earl Van Dorn
TN014,CS76,CS,John Hunt Morgan
TN014,US10,US,Albert S. Hall
TN015,CS109,CS,Nathan Bedford Forrest
TN015,US52,US,Edward Bloodgood
TN016,US83,US,Gordon Granger
TN016,CS27,CS,Earl Van Dorn
TN017,US80,US,George H. Thomas
TN017,CS5,CS,Alexander P. Stewart
TN018,US141,US,John T. Wilder
TN019,CS55,CS,James E. Carter
TN019,US143,US,John W. Foster
TN020,US21,US,Ambrose E. Burnside
TN020,CS86,CS,John S. Williams
TN021,US147,US,Joseph Hooker
TN021,CS106,CS,Micah Jenkins
TN022,US54,US,Edward Hatch
TN022,CS63,CS,James R. Chalmers
TN023,CS59,CS,James Longstreet
TN023,US21,US,Ambrose E. Burnside
TN024,US190,US,Ulysses S. Grant
TN024,US190,US,Ulysses S. Grant
TN024,CS10,CS,Braxton Bragg
TN024,CS10,CS,Braxton Bragg
TN025,US21,US,Ambrose E. Burnside
TN025,CS59,CS,James Longstreet
TN026,US114,US,James Shackelford
TN026,CS59,CS,James Longstreet
TN027,US174,US,Samuel D. Sturgis
TN027,CS158,CS,William T. Martin
TN028,US174,US,Samuel D. Sturgis
TN028,CS59,CS,James Longstreet
TN029,CS158,CS,William T. Martin
TN029,US174,US,Samuel D. Sturgis
TN029,US56,US,Edward M. McCook
TN031,US29,US,C.C. Washburn
TN031,CS109,CS,Nathan Bedford Forrest
TN032,CS109,CS,Nathan Bedford Forrest
TN032,US30,US,C.R. Thompson
TN032,US55,US,Edward M. King
TN033,CS71,CS,John C. Breckinridge
TN033,US20,US,Alvan C. Gillem
TN034,US131,US,John M. Schofield
TN034,CS70,CS,John Bell Hood
TN035,CS70,CS,John Bell Hood
TN035,US131,US,John M. Schofield
TN036,CS70,CS,John Bell Hood
TN036,US131,US,John M. Schofield
TN037,CS109,CS,Nathan Bedford Forrest
TN037,US153,US,Lovell H. Rousseau
TN037,US169,US,Robert Milroy
TN038,CS70,CS,John Bell Hood
TN038,US80,US,George H. Thomas
VA003,US50,US,Ebenezer Pierce
VA003,CS22,CS,D.H. Hill
VA003,CS69,CS,John B. Magruder
VA004,CS111,CS,P.G.T. Beauregard
VA004,US96,US,Irvin McDowell
VA005,CS111,CS,P.G.T. Beauregard
VA005,CS92,CS,Joseph E. Johnston
VA005,US96,US,Irvin McDowell
VA006,CS110,CS,Nathan Evans
VA006,US35,US,Charles P. Stone
VA006,US51,US,Edward Baker
VA007,CS50,CS,J.E.B. Stuart
VA007,US57,US,Edward O.C. Ord
VA009,CS92,CS,Joseph E. Johnston
VA009,US77,US,George B. McClellan
VA009,CS69,CS,John B. Magruder
VA010,US77,US,George B. McClellan
VA010,CS59,CS,James Longstreet
VA011,CS41,CS,Gustavius W. Smith
VA011,US194,US,William B. Franklin
VA013,US66,US,Fitz John Porter
VA014,US77,US,George B. McClellan
VA014,CS92,CS,Joseph E. Johnston
VA014,CS41,CS,Gustavius W. Smith
VA015,US77,US,George B. McClellan
VA015,CS122,CS,Robert E. Lee
VA016,CS122,CS,Robert E. Lee
VA016,US66,US,Fitz John Porter
VA017,US66,US,Fitz John Porter
VA017,CS122,CS,Robert E. Lee
VA018,US77,,
VA018,CS69,,
VA019,US59,US,Edwin Sumner
VA019,CS69,CS,John B. Magruder
VA020,,,
VA021,US77,US,George B. McClellan
VA021,CS122,CS,Robert E. Lee
VA022,CS138,CS,Thomas J. Jackson
VA022,US158,US,Nathaniel P. Banks
VA023,US136,US,John Pope
VA023,CS138,CS,Thomas J. Jackson
VA024,CS138,CS,Thomas J. Jackson
VA024,US75,US,G.W. Taylor
VA025,US113,US,James Ricketts
VA025,CS59,CS,James Longstreet
VA026,US136,US,John Pope
VA026,CS138,CS,Thomas J. Jackson
VA026,CS122,CS,Robert E. Lee
VA027,US163,US,Philip Kearny
VA027,CS138,CS,Thomas J. Jackson
VA027,US99,US,Isaac Stevens
VA028,CS122,CS,Robert E. Lee
VA028,US21,US,Ambrose E. Burnside
VA029,CS30,CS,Fitzhugh Lee
VA029,US206,US,William W. Averell
VA030,CS59,CS,James Longstreet
VA030,US135,US,John Peck
VA031,US135,US,John Peck
VA031,CS59,CS,James Longstreet
VA032,CS122,CS,Robert E. Lee
VA032,US147,US,Joseph Hooker
VA032,CS138,CS,Thomas J. Jackson
VA033,CS122,CS,Robert E. Lee
VA033,US140,US,John Sedgwick
VA034,US140,US,John Sedgwick
VA034,CS97,CS,Jubal A. Early
VA035,US15,US,Alfred Pleasonton
VA035,CS50,CS,J.E.B. Stuart
VA036,CS139,CS,Thomas Munford
VA036,US85,US,H. Judson Kilpatrick
VA037,US46,US,David M. Gregg
VA037,CS50,CS,J.E.B. Stuart
VA038,US15,US,Alfred Pleasonton
VA038,CS9,CS,Beverly Robertson
VA038,CS144,CS,Wade Hampton
VA039,CS50,CS,J.E.B. Stuart
VA039,US198,US,William H. French
VA040,US74,US,G.K. Warren
VA040,CS1,CS,A.P. Hill
VA041,CS50,CS,J.E.B. Stuart
VA041,US74,US,G.K. Warren
VA042,US85,US,H. Judson Kilpatrick
VA042,CS50,CS,J.E.B. Stuart
VA043,CS122,CS,Robert E. Lee
VA043,US79,US,George G. Meade
VA044,US79,US,George G. Meade
VA044,CS122,CS,Robert E. Lee
VA045,US101,US,J.C. Caldwell
VA045,CS119,CS,Richard S. Ewell
VA046,US79,US,George G. Meade
VA046,US190,US,Ulysses S. Grant
VA046,CS122,CS,Robert E. Lee
VA047,CS89,CS,Johnson Hagood
VA047,US26,US,Benjamin Butler
VA048,US79,US,George G. Meade
VA048,CS122,CS,Robert E. Lee
VA048,US190,US,Ulysses S. Grant
VA049,US78,US,George Crook
VA049,CS2,CS,Albert Jenkins
VA050,CS111,CS,P.G.T. Beauregard
VA050,US26,US,Benjamin Butler
VA051,CS111,CS,P.G.T. Beauregard
VA051,US26,US,Benjamin Butler
VA052,US164,US,Philip Sheridan
VA052,CS50,CS,J.E.B. Stuart
VA053,CS111,CS,P.G.T. Beauregard
VA053,US26,US,Benjamin Butler
VA054,US26,US,Benjamin Butler
VA054,CS111,CS,P.G.T. Beauregard
VA055,US79,US,George G. Meade
VA055,CS122,CS,Robert E. Lee
VA055,US190,US,Ulysses S. Grant
VA056,CS30,CS,Fitzhugh Lee
VA056,US58,US,Edward Wild
VA057,US79,US,George G. Meade
VA057,US190,US,Ulysses S. Grant
VA057,CS122,CS,Robert E. Lee
VA058,US46,US,David M. Gregg
VA058,CS30,CS,Fitzhugh Lee
VA058,CS144,CS,Wade Hampton
VA059,CS105,CS,Matthew C. Butler
VA059,US18,US,Alfred Torbert
VA062,US79,US,George G. Meade
VA062,US190,US,Ulysses S. Grant
VA062,CS122,CS,Robert E. Lee
VA063,CS111,CS,P.G.T. Beauregard
VA063,CS122,CS,Robert E. Lee
VA063,US190,US,Ulysses S. Grant
VA063,US79,US,George G. Meade
VA064,US45,US,David Hunter
VA064,CS97,CS,Jubal A. Early
VA065,US79,US,George G. Meade
VA065,US190,US,Ulysses S. Grant
VA065,CS122,CS,Robert E. Lee
VA066,CS144,CS,Wade Hampton
VA066,US164,US,Philip Sheridan
VA067,US23,US,August Kautz
VA067,US117,US,James Wilson
VA067,CS144,CS,Wade Hampton
VA068,CS154,CS,William Mahone
VA068,US117,US,James Wilson
VA068,US23,US,August Kautz
VA068,CS30,CS,Fitzhugh Lee
VA069,US207,US,Winfield Scott Hancock
VA069,CS17,CS,Charles Field
VA070,US21,US,Ambrose E. Burnside
VA070,CS122,CS,Robert E. Lee
VA071,CS17,CS,Charles Field
VA071,US207,US,Winfield Scott Hancock
VA071,CS122,CS,Robert E. Lee
VA072,CS1,CS,A.P. Hill
VA072,CS45,CS,Henry Heth
VA072,CS154,CS,William Mahone
VA072,CS122,CS,Robert E. Lee
VA072,US74,US,G.K. Warren
VA073,US207,US,Winfield Scott Hancock
VA073,CS45,CS,Henry Heth
VA074,CS144,CS,Wade Hampton
VA074,US79,US,George G. Meade
VA074,US126,US,John G. Parke
VA074,CS1,CS,A.P. Hill
VA074,US74,US,G.K. Warren
VA075,CS122,,
VA075,CS119,,
VA075,US26,,
VA076,CS6,CS,Alfred E. Jackson
VA076,US178,US,Stephen Gano Burbridge
VA077,US42,,
VA077,US23,,
VA077,CS122,,
VA078,US14,US,Alfred H. Terry
VA078,CS117,CS,Richard Anderson
VA079,US207,US,Winfield Scott Hancock
VA079,CS45,CS,Henry Heth
VA080,US26,,
VA080,CS59,,
VA081,US81,US,George Stoneman
VA081,CS71,CS,John C. Breckinridge
VA082,CS71,CS,John C. Breckinridge
VA082,US81,US,George Stoneman
VA083,US74,US,G.K. Warren
VA083,US1,US,A.A. Humphreys
VA083,CS68,CS,John B. Gordon
VA084,US126,US,John G. Parke
VA084,CS68,CS,John B. Gordon
VA084,CS122,CS,Robert E. Lee
VA085,US74,US,G.K. Warren
VA085,CS11,CS,Bushrod R. Johnson
VA086,US164,US,Philip Sheridan
VA086,CS30,CS,Fitzhugh Lee
VA086,CS38,CS,George Pickett
VA087,CS117,CS,Richard Anderson
VA087,US74,US,G.K. Warren
VA087,CS122,CS,Robert E. Lee
VA088,US164,US,Philip Sheridan
VA088,CS38,CS,George Pickett
VA089,CS122,CS,Robert E. Lee
VA089,US190,US,Ulysses S. Grant
VA090,CS45,CS,Henry Heth
VA090,CS12,CS,Cadmus Wilcox
VA090,US159,US,Nelson A. Miles
VA091,US78,US,George Crook
VA091,CS30,CS,Fitzhugh Lee
VA091,CS140,CS,Thomas Rosser
VA092,CS59,CS,James Longstreet
VA092,US127,US,John Gibbon
VA093,CS119,CS,Richard S. Ewell
VA093,US164,US,Philip Sheridan
VA093,CS68,CS,John B. Gordon
VA094,CS122,CS,Robert E. Lee
VA094,US1,US,A.A. Humphreys
VA095,US180,US,T. Read
VA096,US76,US,George A. Custer
VA096,CS100,CS,Lindsay Walker
VA098,CS111,CS,P.G.T. Beauregard
VA098,US166,US,Quincy A. Gillmore
VA099,US164,US,Philip Sheridan
VA099,CS144,CS,Wade Hampton
VA101,US156,US,Nathan Kimball
VA101,CS138,CS,Thomas J. Jackson
VA102,US169,US,Robert Milroy
VA102,US172,US,Robert Schenck
VA102,CS138,CS,Thomas J. Jackson
VA103,US137,US,John R. Kenly
VA103,CS138,CS,Thomas J. Jackson
VA104,CS138,CS,Thomas J. Jackson
VA104,US158,US,Nathaniel P. Banks
VA105,US122,US,John C. FrÌ©mont
VA105,CS119,CS,Richard S. Ewell
VA106,US63,US,Erastus Tyler
VA106,CS138,CS,Thomas J. Jackson
VA107,CS119,CS,Richard S. Ewell
VA107,US169,US,Robert Milroy
VA108,US198,US,William H. French
VA108,CS117,CS,Richard Anderson
VA109,US206,US,William W. Averell
VA109,CS148,CS,William E. Jones
VA110,US70,US,Franz Sigel
VA110,CS71,CS,John C. Breckinridge
VA111,US45,US,David Hunter
VA111,CS148,CS,William E. Jones
VA113,US23,US,August Kautz
VA113,US117,US,James Wilson
VA113,CS152,CS,"William H.F. ""Rooney"" Lee"
VA114,US95,US,Horatio Wright
VA114,CS97,CS,Jubal A. Early
VA115,US206,US,William W. Averell
VA115,CS126,CS,S.D. Ramseur
VA116,CS97,CS,Jubal A. Early
VA116,US78,US,George Crook
VA117,US193,US,Wesley Merritt
VA117,CS117,CS,Richard Anderson
VA118,US164,US,Philip Sheridan
VA118,CS97,CS,Jubal A. Early
VA119,CS97,CS,Jubal A. Early
VA119,US164,US,Philip Sheridan
VA120,CS97,CS,Jubal A. Early
VA120,US164,US,Philip Sheridan
VA121,US18,US,Alfred Torbert
VA121,CS140,CS,Thomas Rosser
VA122,US95,US,Horatio Wright
VA122,US164,US,Philip Sheridan
VA122,CS97,CS,Jubal A. Early
VA123,US164,US,Philip Sheridan
VA123,CS97,CS,Jubal A. Early
VA124,CS30,CS,Fitzhugh Lee
VA124,US76,US,George A. Custer
VA125,CS144,CS,Wade Hampton
VA125,CS144,CS,Wade Hampton
VA125,US189,US,Ulric Dahlgren
VA125,US189,US,Ulric Dahlgren
VA125,US85,US,H. Judson Kilpatrick
VA125,US85,US,H. Judson Kilpatrick
WV001,CS36,CS,George A. Porterfield
WV001,US182,US,Thomas A. Morris
WV002,CS138,CS,Thomas J. Jackson
WV002,US170,US,Robert Patterson
WV003,US202,US,William S. Rosecrans
WV003,CS81,CS,John Pegram
WV003,US77,US,George B. McClellan
WV003,CS124,CS,Robert S. Garnett
WV004,US63,US,Erastus Tyler
WV004,CS74,CS,John Floyd
WV005,CS3,CS,Albert Rust
WV005,CS122,CS,Robert E. Lee
WV005,US148,US,Joseph Reynolds
WV006,CS74,CS,John Floyd
WV006,US202,US,William S. Rosecrans
WV007,CS46,CS,Henry R. Jackson
WV007,US148,US,Joseph Reynolds
WV008,US169,US,Robert Milroy
WV008,CS28,CS,"Edward ""Allegheny"" Johnson"
WV009,CS48,CS,Humphery Marshall
WV009,US103,US,Jacob D. Cox
WV010,US47,US,Dixon S. Miles
WV010,CS138,CS,Thomas J. Jackson
WV012,US206,US,William W. Averell
WV012,CS73,CS,John Echols
WV013,US206,US,William W. Averell
WV013,CS79,CS,John McCausland
WV014,CS97,CS,Jubal A. Early
WV014,US164,US,Philip Sheridan
WV015,CS97,CS,Jubal A. Early
WV015,US193,US,Wesley Merritt
WV016,US66,US,Fitz John Porter
WV016,CS1,CS,A.P. Hill
WV016,CS155,CS,William Pendleton
